Name,Industry,Location,Status,Jobs
AceTemp Solutions,Staffing,Penang,Active,2
AdVision,Marketing,Kuala Lumpur,Active,1
BlueWave Labs,R&D,Kuala Lumpur,Active,1
CodeMasters,Software,Kuala Lumpur,Active,1
CodeSphere,Software,Petaling Jaya,Active,1
CreativeHive Studio,Design,Petaling Jaya,Active,2
CustomerFirst Solutions,Customer Service,Johor Bahru,Active,1
DesignWorks,Design,Penang,Active,1
DevLink,Software,Cyberjaya,Active,1
FinEdge Advisory,Finance,Petaling Jaya,Active,2
FinEdge Analytics,Finance,Kuala Lumpur,Active,2
Joboria,HR,Setapak,Verified,0
LogiChain Sdn Bhd,Logistics,Shah Alam,Active,2
LogiCorp,Logistics,Shah Alam,Active,1
MarketMinds,Marketing,Kuala Lumpur,Active,1
NextGen Talent,HR Services,Kuala Lumpur,Active,4
PixelCraft Studio,Design,Selangor,Active,1
RetailHub,Retail,Shah Alam,Active,1
RetailPro,Retail,Melaka,Active,1
ShopSmart,Retail Tech,Johor Bahru,Active,1
TechBridge Sdn Bhd,Software,Penang,Active,1
TechNova Sdn Bhd,IT,Bandar Sunway,Active,2
TrendHive Marketing,Marketing,Kuala Lumpur,Active,2
UXLab,Design,Kuala Lumpur,Active,1
VistaTech Solutions,IT,Cyberjaya,Active,2
